ligand,affinity_kcal_mol,BBB_pass,composite_score,MW,PSA,cLogP
donepezil,-8.2,True,2.24703219898828,392.2099927560008,42.010000000000005,3.8564000000000034
galantamine,-7.6,True,1.5164106627730554,278.0942943080004,39.44,4.244900000000003
nilvadipine,-7.0,True,0.785789126557831,433.0483780040004,78.51,4.464420000000004
fluoxetine,-6.7,True,0.4204783584502187,259.1372424160001,35.25,3.7959000000000014
sertraline,-6.6,True,0.2987081024143473,283.0894549680005,12.03,4.4669000000000025
